customerID,Churn
4376-KFVRS,0.029531589
2754-SDJRD,0.9128439
9917-KWRBE,0.14426865
0365-GXEZS,0.57277614
9385-NXKDA,0.015701005
4686-UXDML,0.8457043
2227-JRSJX,0.72593206
4830-FAXFM,0.24637432
1830-IPXVJ,0.016895672
4690-LLKUA,0.661358
5804-HYIEZ,0.58631015
2388-LAESQ,0.024437478
5533-RJFTJ,0.37970313
4706-AXVKM,0.86237705
0997-YTLNY,0.25262067
7971-HLVXI,0.021997636
7337-CINUD,0.032565128
1379-FRVEB,0.8336545
4753-PADAS,0.5209513
5701-GUXDC,0.12521075
7235-NXZCP,0.8952544
0668-OGMHD,0.44814575
2812-REYAT,0.069266565
8779-YIQQA,0.08995073
9701-CDXHR,0.40398127
7130-CTCUS,0.46432266
1894-IGFSG,0.67889553
0871-URUWO,0.8162716
0057-QBUQH,0.07463525
9611-CTWIH,0.8963389
8058-DMYRU,0.48463035
5351-QESIO,0.6419032
4302-ZYFEL,0.0330168
6134-KWTBV,0.018386666
2034-GDRCN,0.89977485
9544-PYPSJ,0.41124102
4208-UFFGW,0.71505535
9537-JALFH,0.012895988
4415-IJZTP,0.9224305
4701-MLJPN,0.25535217
7515-LODFU,0.014164946
4927-WWOOZ,0.9376459
4067-HLYQI,0.5691044
6184-DYUOB,0.35200354
9209-NWPGU,0.16708316
9851-KIELU,0.85779226
3199-XGZCY,0.8735244
4226-KKDON,0.45606887
1085-LDWAM,0.031611163
6825-UYPFK,0.5287264
1767-CJKBA,0.009981063
7181-BQYBV,0.9634655
0178-CIIKR,0.28937516
4256-ZWTZI,0.60293657
9537-VHDTA,0.6336647
2754-XBHTB,0.734413
5975-BAICR,0.22085118
3301-VKTGC,0.15944248
2877-VDUER,0.0831978
7717-BICXI,0.0148909325
0562-FGDCR,0.007999611
3705-PSNGL,0.06489464
0048-LUMLS,0.22065097
6497-TILVL,0.32946333
2108-YKQTY,0.50669533
3658-KIBGF,0.7656033
5482-NUPNA,0.39609772
7410-KTVFV,0.37672305
9033-EOXWV,0.2647852
8821-XNHVZ,0.92164105
8224-KDLKN,0.0029716298
4825-FUREZ,0.023233866
7534-BFESC,0.7871062
9138-EFSMO,0.24821971
4227-OJHAL,0.24398366
7279-NMVJC,0.09830844
8591-TKMZH,0.16362332
9283-LZQOH,0.7625736
3594-IVHJZ,0.26083478
1945-XISKS,0.017508376
4359-INNWN,0.08033786
7649-SIJJF,0.015932865
9254-RBFON,0.29501146
0970-ETWGE,0.949427
7762-ONLJY,0.13319632
6710-HSJRD,0.3869971
8873-GLDMH,0.8408718
9907-SWKKF,0.83089334
4658-HCOHW,0.7195356
9330-VOFSZ,0.2890083
2860-RANUS,0.7306121
6234-PFPXL,0.6116902
7205-BAIAD,0.01879833
3858-VOBET,0.79328275
5103-MHMHY,0.71327025
6119-SPUDB,0.023521084
9389-ACWBI,0.68680906
3454-JFUBC,0.021756036
1768-ZAIFU,0.8909035
7017-VFULY,0.28907478
9221-OTIVJ,0.8642579
2482-CZGBB,0.77620953
7018-WBJNK,0.70793694
3331-HQDTW,0.46603513
4695-VADHF,0.4442951
4086-WITJG,0.006046106
6297-NOOPG,0.17013529
8777-PVYGU,0.09338094
4378-MYPGO,0.1791235
9313-CDOGY,0.13904469
4121-AGSIN,0.050870046
0432-CAJZV,0.84720355
9097-ZUBYC,0.34484735
9638-JIQYA,0.7451422
1024-GUALD,0.8405371
8024-XNAFQ,0.008391497
7587-RZNME,0.73467886
1346-UFHAX,0.71441376
6374-NTQLP,0.026103424
6625-FLENO,0.041611742
7375-WMVMT,0.023407547
6910-HADCM,0.9180851
7401-JIXNM,0.028235598
7338-ERIVA,0.044987723
5376-DEQCP,0.8951093
0909-SELIE,0.032570325
5419-KLXBN,0.57690626
0365-TRTPY,0.38511893
6712-OAWRH,0.67397606
2428-ZMCTB,0.14335981
1963-VAUKV,0.5679102
9381-NDKME,0.62388307
3729-OWRVL,0.41091663
0895-LMRSF,0.32737786
2676-SSLTO,0.027340068
8495-PRWFH,0.49278012
9030-QGZNL,0.029803999
9972-NKTFD,0.17603023
7998-WNZEM,0.01905434
0979-PHULV,0.677091
6445-TNRXS,0.23377849
9586-JGQKH,0.13115416
3966-HRMZA,0.79045856
5498-IBWPI,0.059689924
6823-SIDFQ,0.018201226
2323-ARSVR,0.26843762
5468-BPMMO,0.13883111
0486-HECZI,0.5844806
2178-PMGCJ,0.60058534
4660-IRIBM,0.5722175
9674-EHPPG,0.025719495
5606-AMZBO,0.7281532
0665-XHDJU,0.22588871
5402-HTOTQ,0.4883116
8258-GSTJK,0.914536
3787-TRIAL,0.6787725
6175-IRFIT,0.7451762
6317-YPKDH,0.7429959
5692-FPTAH,0.75626403
5373-SFODM,0.6948482
0868-VJRDR,0.13936941
4079-VTGLK,0.13859211
1166-PQLGG,0.004811248
5296-BFCYD,0.026669014
6568-POCUI,0.05505658
2839-RFSQE,0.22086844
2188-SXWVT,0.0705958
8849-GYOKR,0.24729143
3623-FQBOX,0.18366346
2649-HWLYB,0.07080082
0599-XNYDO,0.5748862
2514-GINMM,0.94534844
8401-EMUWF,0.21271905
5766-ZJYBB,0.42207083
2604-IJPDU,0.80531865
2501-XWWTZ,0.6627849
6370-ZVHDV,0.01776034
3027-YNWZU,0.016615065
4526-ZJJTM,0.5794184
0440-QEXBZ,0.1901019
0330-IVZHA,0.7201991
9758-MFWGD,0.32648626
4229-CZMLL,0.89064676
0742-MOABM,0.47528934
4277-BWBML,0.00415652
5136-GFPMB,0.3916405
7520-HQWJU,0.11585656
6304-IJFSQ,0.62786204
0297-RBCSG,0.34999225
6013-BHCAW,0.050890118
4402-FTBXC,0.27443594
1471-GIQKQ,0.5642436
4283-FUTGF,0.81803
9548-LERKT,0.025504863
8059-UDZFY,0.64916474
0410-IPFTY,0.62964815
2478-EEWWM,0.62631166
4619-EVPHY,0.4080222
2277-DJJDL,0.4265645
2911-WDXMV,0.62461454
3639-XJHKQ,0.4615051
8173-RXAYP,0.02999148
4537-CIBHB,0.06618164
5442-BXVND,0.17750582
2308-STERM,0.31261784
7159-NOKYQ,0.20256613
6075-QMNRR,0.19177502
3694-GLTJM,0.28497073
9629-NHXFW,0.46541673
7167-PCEYD,0.022481168
2748-MYRVK,0.3231321
4223-WOZCM,0.7499785
6946-LMSQS,0.54726005
5469-NUJUR,0.03896301
6388-TABGU,0.07873624
1261-FWTTE,0.6461874
8590-YFFQO,0.049381256
0082-OQIQY,0.5474758
9465-RWMXL,0.73078126
2930-UOTMB,0.09016287
9128-CPXKI,0.1780576
0484-FFVBJ,0.2922854
1100-DDVRV,0.5995818
9313-QOLTZ,0.110637724
3338-CVVEH,0.8601123
1131-SUEKT,0.16864996
7602-DBTOU,0.012158521
1385-TQOZW,0.16792223
6892-XPFPU,0.87683076
4115-NZRKS,0.88092893
5514-YQENT,0.37052903
6319-IEJWJ,0.7797747
8849-AYPTR,0.5720166
5893-PYOLZ,0.042832103
7180-PISOG,0.9178852
8443-ZRDBZ,0.88869125
9079-YEXQJ,0.5736633
3780-YVMFA,0.58260316
6968-MHOMU,0.3547957
0899-LIIBW,0.65795964
3677-IYRBF,0.8919288
8393-DLHGA,0.7227858
7691-XVTZH,0.16891113
5360-LJCNJ,0.1895365
3891-PUQOD,0.8676986
0952-KMEEH,0.8248257
4919-IKATY,0.8482444
9746-UGFAC,0.093506694
9108-EQPNQ,0.049832746
0531-ZZJWQ,0.5902883
8763-KIAFH,0.042331744
5863-OOKCL,0.092230506
2958-NHPPS,0.18988766
9530-GRMJG,0.082852475
1809-DMJHQ,0.53366804
0164-XAIRP,0.03930335
2926-JEJJC,0.12173933
1169-WCVAK,0.5228074
1217-VASWC,0.49954867
2452-KDRRH,0.7320225
6402-EJMWF,0.6415091
7663-CUXZB,0.25546494
4312-KFRXN,0.0030969207
3011-WQKSZ,0.345561
9747-DDZOS,0.86299
2091-MJTFX,0.16085774
0388-EOPEX,0.8074757
3161-ONRWK,0.046146933
2587-EKXTS,0.5768232
9752-ZNQUT,0.800893
9572-WUKSB,0.7074539
3836-FZSDJ,0.0074821003
8805-JNRAZ,0.58052635
3069-SSVSN,0.40926164
8015-IHCGW,0.03408364
8132-YPVBX,0.8158726
0235-KGSLC,0.8894827
1302-UHBDD,0.6822253
3722-WPXTK,0.94381404
7531-GQHME,0.17771555
1335-NTIUC,0.65863466
9367-TCUYN,0.24758045
1536-HBSWP,0.58794034
8573-JGCZW,0.10562676
2694-CIUMO,0.7640811
2027-FECZV,0.8378671
9103-TCIHJ,0.4520604
1545-JFUML,0.11630999
0524-IAVZO,0.736068
5519-TEEUH,0.07941128
6654-QGBZZ,0.6056815
2294-DMMUS,0.25448498
0017-IUDMW,0.033072222
5018-LXQQG,0.15448861
5808-TOTXO,0.131601
1174-FGIFN,0.45536858
0730-KOAVE,0.45774224
1218-VKFPE,0.028063959
5313-FPXWG,0.08285178
2834-JKOOW,0.26059002
9430-NKQLY,0.004422277
0363-QJVFX,0.498314
1658-TJVOA,0.78386694
6685-GBWJZ,0.08939095
6328-ZPBGN,0.8890366
4003-FUSHP,0.36340025
7690-KPNCU,0.2193752
2969-WGHQO,0.19718626
1855-CFULU,0.39919695
9788-YTFGE,0.24296625
8266-VBFQL,0.77619773
2325-NBPZG,0.7567565
9906-NHHVC,0.1817173
2541-YGPKE,0.18026146
5049-MUBWG,0.10225617
2332-TODQS,0.084301025
4419-UJMUS,0.18442172
2233-TXSIU,0.16637112
6770-XUAGN,0.6463435
2919-HBCJO,0.77558076
9508-ILZDG,0.7363072
5442-BHQNG,0.743873
7250-EQKIY,0.7798142
6838-HVLXG,0.1393013
9767-FFLEM,0.54991573
2245-ADZFJ,0.04066931
1150-WFARN,0.31332245
9054-FOWNV,0.84993994
7997-EASSD,0.10395598
7560-QJAVJ,0.08069421
2668-TZSPS,0.5488314
9139-WQQDY,0.33019182
6726-NNFWD,0.022705156
9330-DHBFL,0.16212662
5727-MYATE,0.008591742
2824-DXNKN,0.016743526
6166-ILMNY,0.7087611
5236-XMZJY,0.23972635
1709-EJDOX,0.027789824
4962-CHQPW,0.06798798
0301-FIDRB,0.0062085553
1820-TQVEV,0.9447555
9115-YQHGA,0.399975
1541-ETJZO,0.7731898
6230-BSUXY,0.94120073
6797-LNAQX,0.120192505
9588-YRFHY,0.028269865
1092-GANHU,0.7133709
5951-AOFIH,0.3522345
7029-RPUAV,0.8252274
4700-UBQMV,0.35066634
3594-UVONA,0.20792201
7750-EYXWZ,0.40541348
7054-ENNGU,0.3243637
0402-OAMEN,0.0029716298
2195-VVRJF,0.39296854
8819-ZBYNA,0.41129175
7748-UMTRK,0.69013226
1741-WTPON,0.16909394
7209-JCUDS,0.8754157
2485-ITVKB,0.870235
9648-BCHKM,0.053080995
0743-HRVFF,0.20405655
2522-AHJXR,0.4138984
9143-CANJF,0.3832135
1444-VVSGW,0.5024151
6898-MDLZW,0.4708565
0074-HDKDG,0.118538134
3982-JGSFD,0.033563256
7928-VJYAB,0.80568683
1522-VVDMG,0.74623007
2665-NPTGL,0.7858273
8728-SKJLR,0.64103603
7733-UDMTP,0.7533192
0431-APWVY,0.34888136
5081-NWSUP,0.26951137
2746-DIJLO,0.158329
7277-OZCGZ,0.68882406
5236-PERKL,0.45764464
2788-CJQAQ,0.08777956
3096-WPXBT,0.23759809
9962-BFPDU,0.60899323
2892-GESUL,0.08645486
9741-YLNTD,0.8514742
1205-WNWPJ,0.4074206
3173-NVMPX,0.45932564
9661-MHUMO,0.6161819
6000-APYLU,0.79739976
0048-PIHNL,0.033061784
9420-LOJKX,0.868503
7061-OVMIM,0.07901901
5671-RQRLP,0.18344241
5129-JLPIS,0.76652634
5170-PTRKA,0.06128859
4819-HJPIW,0.38183284
8780-RSYYU,0.03592256
2335-GSODA,0.02401411
5696-CEIQJ,0.13133809
6169-PPETC,0.012865691
4237-RLAQD,0.75626403
7359-WWYJV,0.047653627
8620-RJPZN,0.6038362
7426-WEIJX,0.3640565
7629-WIXZF,0.39828974
2616-FLVQC,0.02250449
9163-GHAYE,0.44272584
4464-JCOLN,0.10076849
2971-SGAFL,0.6993522
4735-ASGMA,0.8207464
5245-VDBUR,0.10177072
1493-AMTIE,0.52707005
1112-CUNAO,0.70855
7571-YXDAD,0.79486793
8714-EUHJO,0.60079235
9040-KZVWO,0.16791546
6713-OKOMC,0.38161835
8749-CLJXC,0.6056815
4713-LZDRV,0.86708486
6598-RFFVI,0.04850763
7470-MCQTK,0.661686
5524-KHNJP,0.18834788
1707-HABPF,0.16199267
4581-LNWUM,0.7267331
9710-ZUSHQ,0.6095195
1697-LYYYX,0.009277726
4013-GUXND,0.5952634
5022-JNQEQ,0.75966203
4983-CCWMC,0.75816846
6345-FZOQH,0.013936523
0962-CQPWQ,0.01428615
5495-GPSRW,0.042216808
2252-JHJGE,0.351503
7356-AYNJP,0.26815093
2019-HDCZY,0.19066797
8582-KRHPJ,0.3527096
2867-UIMSS,0.9124211
3487-EARAT,0.26727238
9926-PJHDQ,0.025011709
0289-IVARM,0.16391951
4672-FOTSD,0.5410129
6198-PNNSZ,0.2586799
7603-USHJS,0.71532947
6784-XYJAE,0.108377844
3858-XHYJO,0.41597664
1087-UDSIH,0.35200354
7251-LJBQN,0.6681539
3200-MNQTF,0.0707731
9359-UGBTK,0.29262206
8160-HOWOX,0.6601185
0258-NOKBL,0.73949665
2800-QQUSO,0.75706875
2129-ALKBS,0.22067164
9972-VAFJJ,0.23288505
4693-VWVBO,0.385925
6969-MVBAI,0.9305294
4821-WQOYN,0.0064227115
6769-DYBQN,0.5633019
4018-PPNDW,0.023394415
6288-CHQJB,0.020833336
4905-JEFDW,0.6694402
0559-CKHUS,0.036819167
2659-VXMWZ,0.21673451
6559-RAKOZ,0.44212085
8809-XKHMD,0.015238049
6365-HITVU,0.018334294
0134-XWXCE,0.2782864
9720-JJJOR,0.13172466
2782-LFZVW,0.4811154
6112-KTHFQ,0.13973708
9220-ZNKJI,0.07917266
9820-RMCQV,0.35577878
9013-AQORL,0.3252888
2040-OBMLJ,0.16182432
5574-NXZIU,0.34778756
5446-DKWYW,0.31426784
0480-KYJVA,0.0029971632
1074-AMIOH,0.41585195
0015-UOCOJ,0.6670762
0256-LTHVJ,0.65997416
4547-LYTDD,0.7091734
1077-HUUJM,0.8042632
2041-JIJCI,0.7187832
1555-HAPSU,0.006723005
4323-SADQS,0.6146699
3292-PBZEJ,0.8859522
6203-HBZPA,0.036340646
9755-JHNMN,0.038973097
7369-TRPFD,0.03295928
9878-TNQGW,0.8493512
2279-AXJJK,0.35694256
5016-IBERQ,0.67310506
1016-DJTSV,0.8203911
8433-WPJTV,0.34282714
8903-XEBGX,0.77732855
2632-TACXW,0.020070927
7952-OBOYL,0.8394989
1470-PSXNM,0.45250598
6227-HWPWX,0.53008914
5924-SNGKP,0.03864276
8818-DOPVL,0.768582
4521-WFJAI,0.027142419
4724-WXVWF,0.34816316
3717-OEAUQ,0.7212251
8165-ZJRNM,0.0031267847
7838-LAZFO,0.19247454
0513-RBGPE,0.038804542
7251-XFOIL,0.2705934
2525-GVKQU,0.022521043
7579-OOPEC,0.68133646
3795-GWTRD,0.030965798
4750-ZRXIU,0.9254416
5445-PZWGX,0.08837214
0516-UXRMT,0.16376404
0727-BNRLG,0.17020985
3932-CMDTD,0.73566014
1264-FUHCX,0.29224122
6194-HBGQN,0.11547515
4524-QCSSM,0.29483476
4570-QHXHL,0.63144755
2972-YDYUW,0.109170906
2061-VVFST,0.1197419
6874-SGLHU,0.49837607
9844-FELAJ,0.3707387
1902-XBTFB,0.7650777
9039-RBEEE,0.13143331
9369-XFEHK,0.66398764
3680-CTHUH,0.2802409
3679-XASPY,0.6383658
9089-UOWJG,0.44544548
1574-DYCWE,0.024699252
9779-DPNEJ,0.73715174
2967-MXRAV,0.10550144
0327-WFZSY,0.3909159
1731-TVIUK,0.8754146
7666-WKRON,0.11795311
3865-ZYKAD,0.521569
1465-LNTLJ,0.41890973
2696-RZVZW,0.010207353
0685-MLYYM,0.7857626
2778-OCLGR,0.51441777
3982-XWFZQ,0.34188223
4759-PXTAN,0.22660434
1448-PWKYE,0.90917915
8741-LQOBK,0.32631716
8650-RHRKE,0.8146363
7266-GSSJX,0.199926
1265-HVPZB,0.11691899
9640-ZSLDC,0.13330123
0988-JRWWP,0.77345794
1926-QUZNN,0.0046336795
9025-ZRPVR,0.14453046
6527-PZFPV,0.08593872
7460-ITWWP,0.50444514
1530-ZTDOZ,0.28334183
4785-FCIFB,0.02029415
9717-QEBGU,0.8284874
0876-WDUUZ,0.7532002
7881-EVUAD,0.82200915
4002-BQWPQ,0.29197115
6377-WHAOX,0.69764054
5027-YOCXN,0.23307551
8450-JOVAH,0.6266658
6646-QVXLR,0.5335344
0254-KCJGT,0.22232918
3442-ZHHCC,0.37448755
9167-APMXZ,0.70023626
0616-ATFGB,0.87350416
7273-TEFQD,0.8841473
8245-UMPYT,0.8798219
6022-UGGSO,0.6936142
6292-TOSSS,0.037496883
5207-PLSTK,0.7284379
3908-BLSYF,0.77668864
4317-VTEOA,0.83101755
0625-AFOHS,0.019020958
4667-OHGKG,0.41939107
2386-OWURY,0.33795953
3780-DDGSE,0.44697195
1047-RNXZV,0.024012282
3926-YZVVX,0.11178453
4742-TXUEX,0.021935288
8709-KRDVL,0.8026811
0397-ZXWQF,0.009473124
3910-MRQOY,0.014157405
2511-MORQY,0.10860028
4039-PIMHX,0.06762312
8083-YTZES,0.8841397
1346-PJWTK,0.15776022
3750-YHRYO,0.07526133
1236-WFCDV,0.67101145
5949-HGVJL,0.3122228
9112-WSNPU,0.646397
1360-JYXKQ,0.37796903
3585-ISXZP,0.8687512
8380-PEFPE,0.8913028
9402-ROUMJ,0.2922631
4335-UPJSI,0.02999148
6096-EGVTU,0.04436341
8988-ECPJR,0.67846155
7677-SJJJK,0.10968037
5850-BDWCY,0.22919394
2025-JKFWI,0.81738245
8028-PNXHQ,0.022219298
8397-MVTAZ,0.8249607
4445-ZJNMU,0.924124
3125-RAHBV,0.046028093
6682-QJDGB,0.26201174
8840-DQLGN,0.50813615
6258-NGCNG,0.29270244
5917-RYRMG,0.05414569
7157-SMCFK,0.028543998
0816-TSPHQ,0.28169078
6766-HFKLA,0.183528
7067-KSAZT,0.49240664
5155-AZQPB,0.11009164
6890-PFRQX,0.35152906
3508-VLHCZ,0.03106981
3649-JPUGY,0.01163216
9248-OJYKK,0.9586439
7239-HZZCX,0.6056815
9860-LISIZ,0.09356876
6979-ZNSFF,0.9073184
8938-UMKPI,0.7497291
1820-DJFPH,0.0046132472
0732-OCQOC,0.025060646
6776-TLWOI,0.2762738
4940-KHCWD,0.018206965
9057-SIHCH,0.9452417
9866-QEVEE,0.71953213
5542-TBBWB,0.9447555
4587-VVTOX,0.9309701
6322-HRPFA,0.21773137
6284-AHOOQ,0.64579165
4530-NDRKU,0.0417643
1751-NCDLI,0.78022534
3893-JRNFS,0.33918044
5857-XRECV,0.084637605
3115-CZMZD,0.04765925
4489-SNOJF,0.27653244
1051-GEJLJ,0.34658188
3563-SVYLG,0.01858813
4301-VVZKA,0.8482101
9351-HXDMR,0.03846914
5161-XEUVX,0.047849864
3088-FVYWK,0.054253228
9812-GHVRI,0.5625217
1370-GGAWX,0.40551683
6023-YEBUP,0.9474603
9940-RHLFB,0.8834441
4541-RMRLG,0.052807603
2606-RMDHZ,0.6902991
5575-TPIZQ,0.4537853
9378-FXTIZ,0.22584452
4631-OACRM,0.79623973
8593-WHYHV,0.9139557
1403-GYAFU,0.012434472
7641-TQFHN,0.057582047
4237-CLSMM,0.23650518
4360-PNRQB,0.6253123
5334-AFQJB,0.005086727
9308-ANMVE,0.35986766
3530-VWVGU,0.19683543
4674-HGNUA,0.02624479
3030-YDNRM,0.8735244
3642-BYHDO,0.0101026585
0440-UEDAI,0.1188844
9819-FBNSV,0.5923704
9289-LBQVU,0.12702654
4468-YDOVK,0.5553638
2001-EWBQU,0.34609535
9992-UJOEL,0.66985464
8409-WQJUX,0.20947126
3077-RSNTJ,0.26149002
6993-YCOBK,0.15742567
4817-VYYWS,0.76975745
4702-HDRKD,0.047996264
3251-YMVWZ,0.13360295
4190-MFLUW,0.44798726
4678-DVQEO,0.78781784
4701-AHWMW,0.22722323
2987-BJXIK,0.06450476
1730-VFMWO,0.16008629
1936-UAFEH,0.29472876
5140-FOMCQ,0.50115675
8778-LMWTJ,0.7573806
9840-DVNDC,0.81913346
8033-VCZGH,0.51886225
8580-QVLOC,0.009644924
6128-AQBMT,0.75432813
6257-RJOHI,0.5814081
1929-ZCBHE,0.09769917
6242-SGYTS,0.12211819
7010-ZMVBF,0.11617556
3519-ZKXGG,0.8841397
5666-MBJPT,0.0219588
3313-QKNKB,0.29801044
7581-EBBOU,0.09217811
1784-BXEFA,0.1373512
7492-TAFJD,0.040056884
5213-TWWJU,0.40979594
3312-ZWLGF,0.67871654
2923-ARZLG,0.27995902
7032-LMBHI,0.08817266
8292-ITGYJ,0.03840923
9107-UKCKY,0.35516047
6848-HJTXY,0.01678604
4184-VODJZ,0.24188696
4846-WHAFZ,0.7500534
8735-SDUFN,0.00382111
0839-JTCUD,0.05502393
6857-VWJDT,0.9498701
7363-QTBIW,0.80353636
6158-HDPXZ,0.75827676
5419-CONWX,0.89579314
9286-DOJGF,0.6331829
2408-PSJVE,0.2066206
2087-QAREY,0.49413013
6777-TGHTM,0.38063458
6507-ZJSUR,0.7797205
5025-GOOKI,0.14523344
6080-LNESI,0.030241901
2236-HILPA,0.012892972
1386-ZIKUV,0.17527132
3365-SAIGS,0.7479445
6061-GWWAV,0.13186702
9979-RGMZT,0.61695886
8445-DNBAE,0.5814047
6872-HXFNF,0.054038655
1320-HTRDR,0.8841397
3923-CSIHK,0.6344821
2446-ZKVAF,0.36838362
4640-UHDOS,0.43457535
5457-COLHT,0.046134498
2254-DLXRI,0.9395322
5339-PXDVH,0.84057033
2386-LAHRK,0.78420734
5062-CJJKH,0.13477935
8930-XOTDP,0.37621537
4779-ZGICK,0.031191623
9534-NSXEM,0.038043153
3716-BDVDB,0.9447555
9842-EFSYY,0.62734467
9122-UMROB,0.5488314
1867-BDVFH,0.8492774
5949-EBSQK,0.41953486
4160-AMJTL,0.42741486
8622-ZLFKO,0.9081341
2990-IAJSV,0.009347064
6064-ZATLR,0.0152846
7409-KIUTL,0.89076287
5505-OVWQW,0.10288063
3948-KXDUF,0.01493007
9814-AOUDH,0.02004725
7398-LXGYX,0.47952792
5266-PFRQK,0.068245076
1568-BEKZM,0.10049564
2692-PFYTJ,0.43814105
2533-QVMSK,0.06616563
5828-AVIPD,0.62651676
2907-ILJBN,0.07323951
5226-NOZFC,0.64810336
7114-AEOZE,0.036544293
2202-CUYXZ,0.94267344
3466-RITXD,0.5525219
7278-CKDNC,0.8253498
1956-YIFGE,0.5468024
0422-UXFAP,0.6100443
3733-UOCWF,0.12535857
7191-ADRGF,0.1197984
5709-LVOEQ,0.056113873
6034-YMTOB,0.7022963
6372-RFVNS,0.93314826
9052-DHNKM,0.08822462
5609-IMCGG,0.6511038
2959-MJHIC,0.8680705
1319-YLZJG,0.7411812
7623-TRNQN,0.47455606
0377-JBKKT,0.22914615
1936-CZAKF,0.06337044
5063-IUOKK,0.035120826
8646-JCOMS,0.17561854
0979-MOZQI,0.027302893
1525-LNLOJ,0.026108777
5759-RCVCB,0.7023443
9968-FFVVH,0.050532345
2266-FUBDZ,0.08219613
4760-THGOT,0.5096962
2307-FYNNL,0.40502036
1143-NMNQJ,0.9194174
1629-DQQVB,0.30295065
3766-EJLFL,0.3029271
8457-XIGKN,0.1490553
4981-FLTMF,0.07987383
7606-BPHHN,0.0045260186
7005-CCBKV,0.8266129
4648-YPBTM,0.03309351
2325-ZUSFD,0.17646745
1240-KNSEZ,0.6683702
0430-IHCDJ,0.67146695
7957-RYHQD,0.55728304
6164-HAQTX,0.031708024
0749-IRGQE,0.8133685
1227-UDMZR,0.010587148
5473-KHBPS,0.1556441
5297-MDOIR,0.10408012
8873-TMKGR,0.0064573805
6481-ESCNL,0.6210668
0463-WZZKO,0.3391344
1038-RQOST,0.11878816
4937-QPZPO,0.5562621
3604-WLABM,0.59109837
1360-XFJMR,0.47689885
8717-VCTXJ,0.06664225
5196-SGOAK,0.924108
8739-XNIKG,0.919392
2320-TZRRH,0.08933062
5186-SAMNZ,0.943795
5760-FXFVO,0.7725934
5380-WJKOV,0.77172005
4703-MQYKT,0.028996864
2001-MCUUW,0.5134051
4947-DSMXK,0.7040422
0076-LVEPS,0.08715707
5566-SOEZD,0.17353682
7408-OFWXJ,0.007372338
1097-FSPVW,0.32468027
4412-YLTKF,0.7500534
0420-TXVSG,0.026312305
7817-BOQPW,0.89126885
0963-ZBDRN,0.6204355
9685-WKZGT,0.86823225
2139-FQHLM,0.42440683
5825-XJOCM,0.09953992
0004-TLHLJ,0.8190277
7529-ZDFXI,0.48463035
6848-YLDFR,0.12704909
5820-PTRYM,0.14194678
2984-RGEYA,0.016205555
6434-TTGJP,0.040102277
9643-AVVWI,0.7902052
3506-OVLKD,0.06470676
4946-EDSEW,0.04871686
2924-KHUVI,0.50477415
2263-SFSQZ,0.028116317
5281-BUZGT,0.5791977
3717-FDJFU,0.020213721
2239-CFOUJ,0.23119652
8699-ASUFO,0.8477897
1122-YJBCS,0.11066515
0628-CNQRM,0.14187491
1705-GUHPV,0.016249044
4877-TSOFF,0.1127877
7404-JLKQG,0.67789656
0379-DJQHR,0.06307047
8993-PHFWD,0.6793033
3930-ZGWVE,0.6056815
1965-DDBWU,0.6622335
7572-KPVKK,0.17143627
6854-EXGSF,0.34112933
9483-GCPWE,0.108138725
8053-WWDRO,0.25406823
9473-CBZOP,0.04555559
3985-HOYPM,0.07162699
8378-LKJAF,0.6846899
1310-QRITU,0.67146695
3237-AJGEH,0.6623763
6542-LWGXJ,0.67777026
6953-PBDIN,0.14890076
6332-FBZRI,0.09418634
9365-CSLBQ,0.0062483344
3466-WAESX,0.59181124
9700-ISPUP,0.47729605
5167-ZFFMM,0.9362478
7669-LCRSD,0.4685099
0870-VEMYL,0.5767886
2995-UPRYS,0.49405503
3179-GBRWV,0.3702769
0701-TJSEF,0.28421712
1848-LBZHY,0.3986605
5380-XPJNZ,0.06252297
6608-QQLVK,0.84280163
1475-VWVDO,0.8013405
3721-CNEYS,0.8284874
4299-OPXEJ,0.061951574
0096-BXERS,0.6410066
3055-VTCGS,0.16780041
9405-GPBBG,0.26480588
6704-UTUKK,0.45321524
9944-AEXBM,0.58264756
2545-EBUPK,0.933008
6270-OMFIW,0.34336087
1852-XEMDW,0.24185503
8158-WPEZG,0.59834695
5198-EFNBM,0.2872423
7663-RGWBC,0.74837327
3970-XGJDU,0.012148108
6845-RGTYS,0.66277415
0123-CRBRT,0.016846873
6077-BDPXA,0.8144278
2250-IVBWA,0.28480878
6137-NICCO,0.9144462
8129-GMVGI,0.03071123
4353-HYOJD,0.13479641
8671-KKKOS,0.3926731
8080-DDEMJ,0.8399809
6698-OXETB,0.01931839
3312-UUMZW,0.7662749
6376-GAHQE,0.8104139
0733-VUNUW,0.24254356
6733-LRIZX,0.30397528
2165-VOEGB,0.29555842
1853-UDXBW,0.92258227
9070-BCKQP,0.01545504
1035-IPQPU,0.6281203
2057-ZBLPD,0.82274795
6967-PEJLL,0.13984653
7879-CGSFV,0.3608464
2257-BOVXD,0.4510562
9822-BIIGN,0.12992945
1136-XGEQU,0.24441345
2439-LYPMQ,0.7791055
6543-XRMYR,0.81102055
5753-QQWPW,0.18770613
4785-QRJHC,0.49083778
0052-YNYOT,0.04901679
7054-LGEQW,0.7104218
0608-JDVEC,0.05150836
6284-KMNUF,0.50027794
6286-SUUWT,0.6056815
3594-KADLU,0.555175
0536-ACXIP,0.051274113
8869-TORSS,0.11501736
0373-AIVNJ,0.18755639
6429-SHBCB,0.28749686
5751-USDBL,0.026960228
6815-ABQFQ,0.48575398
9450-TRJUU,0.6698571
2805-AUFQN,0.01919621
7855-DIWPO,0.74464524
0174-QRVVY,0.006390546
9507-EXLTT,0.9282131
8390-FESFV,0.02896311
0661-KBKPA,0.17920832
6856-RAURS,0.85021216
7322-OCWHC,0.011233057
2203-GHNWN,0.65829563
3413-CSSTH,0.29021555
3006-XIMLN,0.9132994
3750-CKVKH,0.8293622
0576-WNXXC,0.62291145
7056-IMHCC,0.75760263
0866-QLSIR,0.09000528
1628-BIZYP,0.93157685
2230-XTUWL,0.027789824
1980-KXVPM,0.87416327
8619-IJNDK,0.025362365
2960-NKRSO,0.62357724
6705-LXORM,0.78870577
7130-VTEWQ,0.8962606
9364-YKUVW,0.23608883
2761-OCIAX,0.8390475
7996-BPXHY,0.059196588
4248-QPAVC,0.6396773
9357-UJRUN,0.2650007
6340-DACFT,0.018243574
1023-BQXZE,0.045941602
5480-HPRRX,0.77296764
9576-SYUHJ,0.62263006
2169-RRLFW,0.0067527215
8338-QIUNR,0.012793849
0463-TXOAK,0.04869539
4396-KLSEH,0.43092543
5186-EJEGL,0.33332908
9334-GWGOW,0.9018418
5696-JVVQY,0.059857443
9633-DENPU,0.35755315
0581-BXBUB,0.7511284
2750-BJLSB,0.49122447
2770-NSVDG,0.517962
8280-MQRQN,0.80501777
7851-FLGGQ,0.63276696
9374-YOLBJ,0.21488054
6583-SZVGP,0.49656913
2150-OEGBV,0.049896345
9372-TXXPS,0.02156006
6933-FHBZC,0.10660258
4698-KVLLG,0.032125007
8752-STIVR,0.8680705
8623-ULFNQ,0.22568916
9822-WMWVG,0.72341007
4304-TSPVK,0.21084951
1716-LSAMB,0.044349227
3523-QRQLL,0.32175815
2187-PKZAY,0.7288792
1895-QTKDO,0.68592745
8161-QYMTT,0.9339012
2955-PSXOE,0.52707005
6834-NXDCA,0.6653668
8701-DGLVH,0.017517589
2480-SQIOB,0.62701404
4993-JCRGJ,0.4753203
0581-MDMPW,0.69108087
7789-CRUVC,0.2170664
0164-APGRB,0.07210313
8034-RYTVV,0.1727773
3018-TFTSU,0.6054173
9777-IQHWP,0.04051198
6899-PPEEA,0.8024857
6701-YVNQG,0.009907929
7649-PHJVR,0.09590988
9278-VZKCD,0.5703416
7636-PEPNS,0.094509915
1575-KRZZE,0.5474822
8590-OHDIW,0.036131904
7764-BDPEE,0.30417788
9480-BQJEI,0.17888916
3354-OADJP,0.15655269
3181-MIZBN,0.2660879
9327-QSDED,0.39037132
4892-VLANZ,0.6056815
0298-XACET,0.02033668
6917-FIJHC,0.004569251
6557-BZXLQ,0.7039289
2432-TFSMK,0.33142003
4211-MMAZN,0.5488314
4751-ERMAN,0.0137096625
8430-TWCBX,0.041736964
1942-OQFRW,0.7254019
4075-JFPGR,0.26272258
3339-EAQNV,0.17749889
5329-KRDTM,0.011382793
0307-BCOPK,0.012739885
6473-ULUHT,0.33138743
1194-SPVSP,0.45928016
7249-WBIYX,0.9031747
2293-IJWPS,0.5962176
4377-VDHYI,0.22972548
0019-EFAEP,0.030715369
2480-EJWYP,0.534077
8970-ANWXO,0.26150072
8739-WWKDU,0.83047944
2171-UDMFD,0.11200478
7036-TYDEC,0.31029087
3831-YCPUO,0.0071397936
0121-SNYRK,0.06304258
3325-FUYCG,0.27801672
1952-DVVSW,0.11433636
3571-DPYUH,0.08391951
2077-MPJQO,0.9018418
2391-SOORI,0.5681934
4086-ATNFV,0.08794333
3396-DKDEL,0.07245553
7471-MQPOS,0.2068939
7181-OQCUT,0.7362212
3489-VSFRD,0.08895553
6283-GITPX,0.030007
2845-HSJCY,0.80829114
7216-KAOID,0.052064374
6680-WKXRZ,0.7837358
2346-LOCWC,0.0183746
0769-MURVM,0.0053900788
3374-LXDEV,0.7662769
5318-YKDPV,0.056274027
8190-ZTQFB,0.44703203
4512-ZUIYL,0.7087611
3090-QFUVD,0.4224407
4806-KEXQR,0.84184784
2369-FEVNO,0.643602
9637-CDTKZ,0.014236552
2954-PIBKO,0.019218069
2212-LYASK,0.23447695
9481-SFCQY,0.41790822
2828-SLQPF,0.38003156
4647-MUZON,0.69395363
8212-DJRCH,0.78186345
0516-OOHAR,0.30262685
4973-RLZVI,0.19127774
8089-UZWLX,0.13695066
9732-KPKBW,0.64578396
9715-WZCLW,0.21762279
0257-KXZGU,0.20985766
0707-HOVVN,0.2058809
5501-TVMGM,0.85148096
3422-LYEPQ,0.8913028
2277-VWCNI,0.75893974
5461-QKNTN,0.62518805
3967-KXAPS,0.010618442
6919-ELBGL,0.019288836
8361-LTMKD,0.8839542
1131-ALZWV,0.11350962
5178-LMXOP,0.9684956
8992-CEUEN,0.459626
3320-VEOYC,0.8755715
3672-YITQD,0.7508989
6080-TCMYC,0.7238151
6734-FQAJX,0.28280675
1063-DHQJF,0.044325437
3976-NLDEZ,0.6044654
1729-VLAZJ,0.19792385
3400-ESFUW,0.018606367
5271-YNWVR,0.16181831
1587-FKLZB,0.6861421
0958-YHXGP,0.68643403
1494-EJZDW,0.040483408
1816-FLZDK,0.58264583
2075-PUEPR,0.089640215
1833-TCXKK,0.61431694
1436-ZMJAN,0.4482589
0106-UGRDO,0.23381461
1069-XAIEM,0.9641089
4213-HKBJO,0.031029876
8345-MVDYC,0.043628383
2672-OJQZP,0.7016324
5136-RGMZO,0.30400774
5774-QPLTF,0.03942855
5240-CAOYT,0.20208545
3707-GNWHM,0.8930414
5159-YFPKQ,0.83281046
5052-PNLOS,0.9281633
6173-GOLSU,0.6470043
6661-HBGWL,0.7788092
8207-VVMYB,0.017572915
5324-KTGCG,0.04902416
7354-OIJLX,0.86362606
9286-BHDQG,0.004409414
3567-PQTSO,0.41191533
3197-ARFOY,0.7369983
5698-BQJOH,0.8644385
1090-ESELR,0.012318915
0056-EPFBG,0.0384918
4955-VCWBI,0.06668013
4717-GHADL,0.035814367
0058-EVZWM,0.3484787
7218-HKQFK,0.8040921
5057-RKGLH,0.019087778
2309-OSFEU,0.6086027
3429-IFLEM,0.029366925
1550-LOAHA,0.5645042
1400-MMYXY,0.94151723
7503-QQRVF,0.67402273
7504-UWHNB,0.47489107
9565-JSNFM,0.2340991
4735-BJKOU,0.0233109
3580-GICBM,0.023145394
7632-YUTXB,0.08213777
9412-ARGBX,0.049696058
9576-ANLXO,0.75389665
1110-KYLGQ,0.41677976
8696-JKZNU,0.74304247
8757-TFHHJ,0.59793234
2955-BJZHG,0.6737058
9048-JVYVF,0.6020885
0682-USIXD,0.7389089
3884-UEBXB,0.018432418
1776-SPBWV,0.06759987
9050-QLROH,0.7060586
2925-VDZHY,0.007372338
9512-UIBFX,0.5919291
8676-TRMJS,0.7813421
3334-CTHOL,0.48732522
6331-LWDTQ,0.5342272
3847-BAERP,0.21350831
4709-LKHYG,0.11590038
8621-MNIHH,0.6460195
8884-ADFVN,0.9466841
2885-HIJDH,0.08945711
8570-KLJYJ,0.050509267
9339-FIIJL,0.007819576
6223-DHJGV,0.039369933
0959-WHOKV,0.43860516
9610-WCESF,0.08019144
9279-CJEOJ,0.78210807
2985-FMWYF,0.8484758
3540-RZJYU,0.6315537
2522-WLNSF,0.20854804
6861-XWTWQ,0.9636666
8735-NBLWT,0.12045708
1744-JHKYS,0.13095653
0841-NULXI,0.88263595
4016-BJKTZ,0.3966666
9298-WGMRW,0.024437478
7893-IXHRQ,0.6038362
8785-CJSHH,0.67287624
7654-YWJUF,0.1850645
8909-BOLNL,0.16462325
9919-FZDED,0.016957546
0322-CHQRU,0.6636439
3587-PMCOY,0.7784365
0655-RBDUG,0.9404223
0983-TATYJ,0.0932787
5650-YLIBA,0.7334464
5144-TVGLP,0.6779014
3569-EDBPQ,0.7394416
4945-RVMTE,0.19746464
3511-BFTJW,0.006583547
5537-UXXVS,0.02529255
8782-NUUOL,0.07610059
2865-TCHJW,0.9387938
9931-KGHOA,0.20388433
3071-MVJCD,0.0077123498
7279-BUYWN,0.6820895
3756-VNWDH,0.4199159
1395-OFUWC,0.43383414
4223-BKEOR,0.15801503
0040-HALCW,0.017029705
7124-UGSUR,0.4866402
7395-XWZOY,0.41681945
5440-VHLUL,0.5563904
4706-DGAHW,0.8399809
8166-ORCHU,0.29705408
3978-YNKDD,0.028454818
7198-GLXTC,0.81412935
6366-XIVKZ,0.33060092
5133-POWUA,0.75626403
8400-WZICQ,0.22930992
5382-SOYZL,0.8558811
1989-PRJHP,0.6205784
4154-AQUGT,0.6993394
0980-FEXWF,0.06252073
5845-BZZIB,0.025895948
4840-ORQXB,0.71448034
0295-PPHDO,0.96808696
8775-ERLNB,0.911975
0376-YMCJC,0.75256145
7410-YTJIK,0.7232127
9927-DSWDF,0.7879546
6681-ZSEXG,0.028834023
5702-KVQRD,0.065987095
8711-LOBKY,0.028845422
9692-TUSXH,0.83432174
4012-YCFAI,0.01667854
8455-HIRAQ,0.39037132
7853-WNZSY,0.44667944
0390-DCFDQ,0.9012966
6421-SZVEM,0.38964957
3094-JOJAI,0.43487614
4873-ILOLJ,0.78231084
8181-YHCMF,0.010675074
3324-OIRTO,0.158671
9135-HSWOC,0.02870721
2272-WUSPA,0.04701008
4627-MIHJH,0.42011842
3896-RCYYE,0.13278468
6729-GDNGC,0.53533465
9945-PSVIP,0.029488845
4137-JOPHL,0.026497742
2720-FVBQP,0.62917256
7854-EKTJL,0.4770573
1133-KXCGE,0.10288063
6048-QBXKL,0.7757416
6338-AVWCY,0.8302446
0013-MHZWF,0.39295834
9804-ICWBG,0.9447555
2368-GAKKQ,0.09243446
4829-AUOAX,0.57461965
7876-BEUTG,0.5093063
6349-JDHQP,0.034398403
3063-QFSZL,0.84830636
9142-XMYJH,0.12341642
2609-IAICY,0.952628
8626-PTQGE,0.019326694
0230-UBYPQ,0.060148105
6814-ZPWFQ,0.13071737
5921-NGYRH,0.3191759
7803-XOCCZ,0.2459017
1459-QNFQT,0.018097306
3948-FVVRP,0.38148236
0923-PNFUB,0.75308824
4654-ULTTN,0.19394995
5628-FCGYG,0.83562803
0506-LVNGN,0.74504423
4329-YPDDQ,0.75425756
9866-OCCKE,0.010358694
0794-YVSGE,0.0028110472
4342-HENTK,0.84641975
5934-TSSAU,0.49921042
9986-BONCE,0.24345827
5301-GAUUY,0.62164646
0725-CXOTM,0.20792201
2843-CQMEG,0.30390912
5600-PDUJF,0.48885903
4500-HKANN,0.018555775
1862-QRWPE,0.018325172
2155-AMQRX,0.17328453
0823-HSCDJ,0.6610067
4090-KPJIP,0.8841397
2737-YNGYW,0.7767921
5619-XZZKR,0.10526076
6047-YHPVI,0.8086142
8375-DKEBR,0.9532454
7729-XBTWX,0.021293517
4983-CLMLV,0.5801326
9227-LUNBG,0.72586507
2758-RNWXS,0.24630828
7055-HNEOJ,0.59065336
7134-MJPDY,0.52444625
4560-WQAQW,0.06898136
8532-UEFWH,0.0148294745
8541-QVFKM,0.8494867
7129-ACFOG,0.75980276
2495-INZWQ,0.88322157
0263-FJTQO,0.030339224
0181-RITDD,0.089790545
8241-JUIQO,0.06659715
0913-XWSCN,0.36514127
2159-TURXX,0.24507736
6461-PPAXN,0.07819094
1452-KIOVK,0.64794165
1139-WUOAH,0.020645762
3207-OYBWH,0.4382771
8347-GDTMP,0.014994634
9909-DFRJA,0.41508505
6383-ZTSIW,0.38462225
5438-QMDDL,0.43861791
8914-RBTSB,0.6086672
6164-HXUGH,0.28957844
6900-RBKER,0.12074899
1492-QGCLU,0.15280543
6664-FPDAC,0.5104557
1088-AUUZZ,0.024081446
6651-AZVTJ,0.760535
8219-VYBVI,0.022663232
0310-MVLET,0.5810095
7233-IOQNP,0.20392373
7311-MQJCH,0.20547786
9256-JTBNZ,0.1409964
8713-IGZSO,0.38178724
6821-BUXUX,0.90825385
9114-DPSIA,0.007689867
4501-UYKBC,0.34163076
2798-NYLMZ,0.45433447
6711-VTNRE,0.53972995
5966-EMAZU,0.27815858
3627-FHKBK,0.85594016
7861-UVUFT,0.7711962
9824-QCJPK,0.06903375
7816-VGHTO,0.054337833
3794-NFNCH,0.18754044
3877-JRJIP,0.89519423
5228-EXCET,0.7703045
6248-BSHKG,0.040191047
8915-NNTRC,0.008585177
3470-OBUET,0.13705002
3229-USWAR,0.23318174
1927-QEWMY,0.0027229218
6374-AFWOX,0.030404724
7912-SYRQT,0.7966919
2070-FNEXE,0.61951643
5803-NQJZO,0.010280138
5651-YLPRD,0.59725666
1271-UODNO,0.09793225
5014-WUQMG,0.21025985
5889-JTMUL,0.681847
0788-DXBFY,0.16174577
2669-QVCRG,0.5358366
6630-UJZMY,0.93114936
5061-PBXFW,0.12714092
2700-LUEVA,0.4500857
3865-ZFZIB,0.032100994
0471-ARVMX,0.45620912
8985-OOPOS,0.2871908
0719-SYFRB,0.39347896
0447-BEMNG,0.29327494
5630-AHZIL,0.48909914
2190-BCXEC,0.55428225
1559-DTODC,0.4426
3244-DCJWY,0.8951093
3967-VQOGC,0.0136817675
0265-PSUAE,0.6557364
1622-HSHSF,0.60004175
9867-XOBQA,0.031269453
6773-LQTVT,0.71277773
4332-MUOEZ,0.21926711
0023-XUOPT,0.76762617
6543-CPZMK,0.7375834
6418-HNFED,0.037247285
1036-GUDCL,0.11828617
4818-QIUFN,0.7729119
0778-NELLA,0.6250035
7495-OOKFY,0.84727263
4737-HOBAX,0.037186205
7919-ZODZZ,0.34987187
2988-PLAHS,0.56461203
9067-SQTNS,0.03620297
6483-OATDN,0.4324697
5469-CTCWN,0.33366367
3524-WQDSG,0.71558106
6968-URWQU,0.18890364
8601-QACRS,0.6704985
8690-UPCZI,0.050850883
5331-RGMTT,0.6690657
1357-BIJKI,0.60184246
2088-IEBAU,0.083097145
0679-IDSTG,0.92908436
6519-ZHPXP,0.039249886
2101-RANCD,0.5114653
4029-HPFVY,0.76506925
1015-OWJKI,0.13278599
8314-HTWVE,0.04240599
5357-TZHPP,0.8717692
8727-XDPUD,0.044304546
9073-ZZIAY,0.013268574
5181-OABFK,0.03724862
3812-LRZIR,0.055119924
5204-HMGYF,0.13686506
9950-MTGYX,0.016105609
3675-EQOZA,0.18762238
3646-ITDGM,0.04256855
3913-FCUUW,0.008656793
